Financial Year,State_Code,State_Full_Name,Emissions
1990,ACT,Australian Capital Territory,1.1453
1991,ACT,Australian Capital Territory,1.2333
1992,ACT,Australian Capital Territory,1.1347
1993,ACT,Australian Capital Territory,1.1756
1994,ACT,Australian Capital Territory,1.4118
1995,ACT,Australian Capital Territory,1.1271
1996,ACT,Australian Capital Territory,1.2291
1997,ACT,Australian Capital Territory,1.126
1998,ACT,Australian Capital Territory,1.1532
1999,ACT,Australian Capital Territory,1.404
2000,ACT,Australian Capital Territory,1.2154
2001,ACT,Australian Capital Territory,1.122
2002,ACT,Australian Capital Territory,1.1929
2003,ACT,Australian Capital Territory,1.29
2004,ACT,Australian Capital Territory,1.6194
2005,ACT,Australian Capital Territory,1.4386
2006,ACT,Australian Capital Territory,1.5094
2007,ACT,Australian Capital Territory,1.3628
2008,ACT,Australian Capital Territory,1.337
2009,ACT,Australian Capital Territory,1.9886
2010,ACT,Australian Capital Territory,1.6551
2011,ACT,Australian Capital Territory,1.8258
2012,ACT,Australian Capital Territory,1.655
2013,ACT,Australian Capital Territory,1.5793
2014,ACT,Australian Capital Territory,1.5454
2015,ACT,Australian Capital Territory,1.6028
2016,ACT,Australian Capital Territory,1.4019
2017,ACT,Australian Capital Territory,1.4874
2018,ACT,Australian Capital Territory,1.2193
2019,ACT,Australian Capital Territory,1.2082
2020,ACT,Australian Capital Territory,1.1956
2021,ACT,Australian Capital Territory,1.3128
2022,ACT,Australian Capital Territory,1.2845
2023,ACT,Australian Capital Territory,1.3693
1990,NSW,New South Wales,169.0155
1991,NSW,New South Wales,156.3127
1992,NSW,New South Wales,156.5261
1993,NSW,New South Wales,141.1686
1994,NSW,New South Wales,142.9844
1995,NSW,New South Wales,133.9013
1996,NSW,New South Wales,127.7408
1997,NSW,New South Wales,127.4022
1998,NSW,New South Wales,132.5642
1999,NSW,New South Wales,139.2014
2000,NSW,New South Wales,148.4853
2001,NSW,New South Wales,150.3816
2002,NSW,New South Wales,152.4827
2003,NSW,New South Wales,147.0665
2004,NSW,New South Wales,148.3464
2005,NSW,New South Wales,151.8619
2006,NSW,New South Wales,163.7039
2007,NSW,New South Wales,158.7076
2008,NSW,New South Wales,156.2236
2009,NSW,New South Wales,151.9906
2010,NSW,New South Wales,151.6067
2011,NSW,New South Wales,149.5124
2012,NSW,New South Wales,145.7379
2013,NSW,New South Wales,134.7398
2014,NSW,New South Wales,136.6807
2015,NSW,New South Wales,129.0698
2016,NSW,New South Wales,119.8526
2017,NSW,New South Wales,139.3128
2018,NSW,New South Wales,133.307
2019,NSW,New South Wales,119.7997
2020,NSW,New South Wales,117.0917
2021,NSW,New South Wales,107.1344
2022,NSW,New South Wales,107.444
2023,NSW,New South Wales,114.4546
1990,NT,Northern Territory,18.9784
1991,NT,Northern Territory,20.4515
1992,NT,Northern Territory,22.9245
1993,NT,Northern Territory,21.6895
1994,NT,Northern Territory,22.5005
1995,NT,Northern Territory,24.5716
1996,NT,Northern Territory,26.9572
1997,NT,Northern Territory,24.6255
1998,NT,Northern Territory,27.4159
1999,NT,Northern Territory,25.6688
2000,NT,Northern Territory,27.9508
2001,NT,Northern Territory,22.5809
2002,NT,Northern Territory,20.9766
2003,NT,Northern Territory,20.2459
2004,NT,Northern Territory,11.6868
2005,NT,Northern Territory,11.9044
2006,NT,Northern Territory,18.4159
2007,NT,Northern Territory,19.4291
2008,NT,Northern Territory,15.1396
2009,NT,Northern Territory,20.1152
2010,NT,Northern Territory,15.3457
2011,NT,Northern Territory,12.4372
2012,NT,Northern Territory,9.8417
2013,NT,Northern Territory,12.9939
2014,NT,Northern Territory,15.5084
2015,NT,Northern Territory,12.8899
2016,NT,Northern Territory,14.6013
2017,NT,Northern Territory,16.3892
2018,NT,Northern Territory,12.8438
2019,NT,Northern Territory,20.2644
2020,NT,Northern Territory,19.2885
2021,NT,Northern Territory,16.3887
2022,NT,Northern Territory,23.8047
2023,NT,Northern Territory,23.5814
1990,QLD,Queensland,188.1896
1991,QLD,Queensland,184.6429
1992,QLD,Queensland,155.9617
1993,QLD,Queensland,154.6468
1994,QLD,Queensland,139.3379
1995,QLD,Queensland,134.4386
1996,QLD,Queensland,137.962
1997,QLD,Queensland,144.0205
1998,QLD,Queensland,147.3526
1999,QLD,Queensland,164.0481
2000,QLD,Queensland,162.4346
2001,QLD,Queensland,175.62
2002,QLD,Queensland,185.3558
2003,QLD,Queensland,179.9393
2004,QLD,Queensland,169.5498
2005,QLD,Queensland,195.4252
2006,QLD,Queensland,208.4829
2007,QLD,Queensland,193.5381
2008,QLD,Queensland,190.9409
2009,QLD,Queensland,185.3737
2010,QLD,Queensland,182.3676
2011,QLD,Queensland,184.4173
2012,QLD,Queensland,168.5151
2013,QLD,Queensland,186.4984
2014,QLD,Queensland,179.5877
2015,QLD,Queensland,175.0311
2016,QLD,Queensland,160.6894
2017,QLD,Queensland,173.7816
2018,QLD,Queensland,170.3472
2019,QLD,Queensland,161.2901
2020,QLD,Queensland,152.9034
2021,QLD,Queensland,143.8362
2022,QLD,Queensland,127.546
2023,QLD,Queensland,128.125
1990,SA,South Australia,36.8684
1991,SA,South Australia,31.5733
1992,SA,South Australia,32.1813
1993,SA,South Australia,31.9508
1994,SA,South Australia,29.9133
1995,SA,South Australia,30.3626
1996,SA,South Australia,29.3642
1997,SA,South Australia,28.005
1998,SA,South Australia,29.862
1999,SA,South Australia,32.7856
2000,SA,South Australia,30.9616
2001,SA,South Australia,33.6306
2002,SA,South Australia,34.8141
2003,SA,South Australia,34.8953
2004,SA,South Australia,34.8599
2005,SA,South Australia,36.0629
2006,SA,South Australia,34.6035
2007,SA,South Australia,32.9952
2008,SA,South Australia,33.8458
2009,SA,South Australia,30.0009
2010,SA,South Australia,28.6163
2011,SA,South Australia,23.9563
2012,SA,South Australia,25.5909
2013,SA,South Australia,26.28
2014,SA,South Australia,24.5143
2015,SA,South Australia,26.4762
2016,SA,South Australia,21.9147
2017,SA,South Australia,22.4754
2018,SA,South Australia,24.8788
2019,SA,South Australia,22.5451
2020,SA,South Australia,23.7898
2021,SA,South Australia,19.6946
2022,SA,South Australia,15.9358
2023,SA,South Australia,16.2569
1990,TAS,Tasmania,19.546
1991,TAS,Tasmania,23.0554
1992,TAS,Tasmania,18.2008
1993,TAS,Tasmania,16.505
1994,TAS,Tasmania,15.7397
1995,TAS,Tasmania,20.2274
1996,TAS,Tasmania,18.6168
1997,TAS,Tasmania,14.5262
1998,TAS,Tasmania,15.2879
1999,TAS,Tasmania,15.3185
2000,TAS,Tasmania,17.9629
2001,TAS,Tasmania,18.2272
2002,TAS,Tasmania,13.8338
2003,TAS,Tasmania,13.5246
2004,TAS,Tasmania,13.5021
2005,TAS,Tasmania,15.5224
2006,TAS,Tasmania,10.5876
2007,TAS,Tasmania,9.434
2008,TAS,Tasmania,11.8457
2009,TAS,Tasmania,9.6429
2010,TAS,Tasmania,8.6856
2011,TAS,Tasmania,9.3619
2012,TAS,Tasmania,2.4326
2013,TAS,Tasmania,0.3585
2014,TAS,Tasmania,-3.1867
2015,TAS,Tasmania,-2.7721
2016,TAS,Tasmania,-6.294
2017,TAS,Tasmania,-1.9108
2018,TAS,Tasmania,-6.7025
2019,TAS,Tasmania,-4.3873
2020,TAS,Tasmania,-5.3339
2021,TAS,Tasmania,-3.5789
2022,TAS,Tasmania,-4.6327
2023,TAS,Tasmania,-4.9319
1990,VIC,Victoria,108.3344
1991,VIC,Victoria,106.1528
1992,VIC,Victoria,105.9193
1993,VIC,Victoria,105.3988
1994,VIC,Victoria,105.8172
1995,VIC,Victoria,106.0149
1996,VIC,Victoria,105.0583
1997,VIC,Victoria,106.9238
1998,VIC,Victoria,112.4267
1999,VIC,Victoria,112.7722
2000,VIC,Victoria,117.1502
2001,VIC,Victoria,119.0063
2002,VIC,Victoria,117.1381
2003,VIC,Victoria,122.8321
2004,VIC,Victoria,127.7466
2005,VIC,Victoria,122.6507
2006,VIC,Victoria,128.0681
2007,VIC,Victoria,126.4318
2008,VIC,Victoria,127.0834
2009,VIC,Victoria,132.8409
2010,VIC,Victoria,137.7857
2011,VIC,Victoria,133.6499
2012,VIC,Victoria,126.2501
2013,VIC,Victoria,114.262
2014,VIC,Victoria,110.657
2015,VIC,Victoria,112.4903
2016,VIC,Victoria,100.1606
2017,VIC,Victoria,101.2451
2018,VIC,Victoria,88.1616
2019,VIC,Victoria,85.2777
2020,VIC,Victoria,84.5741
2021,VIC,Victoria,78.5721
2022,VIC,Victoria,82.4878
2023,VIC,Victoria,84.1571
1990,WA,Western Australia,78.3509
1991,WA,Western Australia,77.731
1992,WA,Western Australia,69.1332
1993,WA,Western Australia,68.3597
1994,WA,Western Australia,72.4725
1995,WA,Western Australia,66.8948
1996,WA,Western Australia,72.2969
1997,WA,Western Australia,71.093
1998,WA,Western Australia,70.0486
1999,WA,Western Australia,65.6168
2000,WA,Western Australia,72.3601
2001,WA,Western Australia,73.3533
2002,WA,Western Australia,72.4493
2003,WA,Western Australia,77.7322
2004,WA,Western Australia,71.7652
2005,WA,Western Australia,76.4271
2006,WA,Western Australia,82.3965
2007,WA,Western Australia,88.0845
2008,WA,Western Australia,83.4985
2009,WA,Western Australia,82.5229
2010,WA,Western Australia,89.6425
2011,WA,Western Australia,69.4516
2012,WA,Western Australia,79.6731
2013,WA,Western Australia,85.3457
2014,WA,Western Australia,78.383
2015,WA,Western Australia,84.356
2016,WA,Western Australia,83.355
2017,WA,Western Australia,82.9703
2018,WA,Western Australia,83.2962
2019,WA,Western Australia,89.4188
2020,WA,Western Australia,83.2112
2021,WA,Western Australia,75.7056
2022,WA,Western Australia,85.9797
2023,WA,Western Australia,89.3721
